<?xml version="1.0" encoding="utf-8" ?>
<dwsync>
<file name="Perfil_12122132423_roger.jpg" server="sejamobile.com.br/public_html/clientes/projetowebfatec/" local="133307419778737580" remote="133315283400000000" Dst="0" />
<file name="Perfil_555555_user.png" server="sejamobile.com.br/public_html/clientes/projetowebfatec/" local="133315013762562574" remote="133315283400000000" Dst="0" />
<file name="Perfil_7_cebolinha.webp" server="sejamobile.com.br/public_html/clientes/projetowebfatec/" local="133315015368507810" remote="133315283400000000" Dst="0" />
<file name="Usu0_apple.jpeg" server="sejamobile.com.br/public_html/clientes/projetowebfatec/" local="133312481079847254" remote="133315283400000000" Dst="0" />
<file name="Perfil_5_teste1A.PNG" server="sejamobile.com.br/public_html/clientes/projetowebfatec/" local="133312481079847254" remote="133315283400000000" Dst="0" />
<file name="Usu0_comboMI.jpeg" server="sejamobile.com.br/public_html/clientes/projetowebfatec/" local="133312481079847254" remote="133315283400000000" Dst="0" />
<file name="Usu0_misterio.jpeg" server="sejamobile.com.br/public_html/clientes/projetowebfatec/" local="133312481079847254" remote="133315283400000000" Dst="0" />
<file name="Usu1_mouse.jpg" server="sejamobile.com.br/public_html/clientes/projetowebfatec/" local="133314927342885983" remote="133315283400000000" Dst="0" />
<file name="Usu1_impressoraHP.png" server="sejamobile.com.br/public_html/clientes/projetowebfatec/" local="133312481079847254" remote="133315283400000000" Dst="0" />
<file name="Usu1_user.png" server="sejamobile.com.br/public_html/clientes/projetowebfatec/" local="133314918052246792" remote="133315283400000000" Dst="0" />
</dwsync>